model_name,datasplit,l1_loss,l2_loss,psnr,ssim
unconditional_pix2pix_unchanged_background,training,0.0034311376551529812,7.297120127036144e-05,44.838642699166016,1.6488170918191034
unconditional_pix2pix_unchanged_background,validation,0.003428399594877756,7.225046131177918e-05,44.83338485109128,1.6566267236049887
fnet_unchanged_background_standard_scalar,training,0.2602008551885108,0.09239136524004458,11.097554197576372,0.14327376210590126
fnet_unchanged_background_standard_scalar,validation,0.26012092953714655,0.09223497499638816,11.10260573459843,0.14195789074259488
fnet_unchanged_background_min_max_normalized,training,0.00498064472912281,0.00011830444583770664,42.26198854997005,1.6008448932751234
fnet_unchanged_background_min_max_normalized,validation,0.004959837722081085,0.00011675777697791311,42.24481238576497,1.6116350266436406
wgan_unchanged_background,training,0.0034527258571323666,7.283252565255337e-05,44.85177452425932,1.6699889200225775
wgan_unchanged_background,validation,0.0034577849859474116,7.054378570837176e-05,44.81343403935061,1.6787998686297172
